"Reference","Qty","Value","DNP","Exclude from BOM","Exclude from Board","Footprint","Datasheet"
"C1,C2,C3","3","100n","","","","Capacitor_SMD:C_0603_1608Metric_Pad1.08x0.95mm_HandSolder","~"
"J1","1","5V","","","","Connector_Wire:SolderWirePad_1x01_SMD_1x2mm","~"
"J2","1","SYNC","","","","Connector_Wire:SolderWirePad_1x01_SMD_1x2mm","~"
"J3","1","VIDEO","","","","Connector_Wire:SolderWirePad_1x01_SMD_1x2mm","~"
"J4","1","GND","","","","Connector_Wire:SolderWirePad_1x01_SMD_1x2mm","~"
"R1","1","75","","","","Resistor_SMD:R_0603_1608Metric_Pad0.98x0.95mm_HandSolder","~"
"R2","1","470","","","","Resistor_SMD:R_0603_1608Metric_Pad0.98x0.95mm_HandSolder","~"
"R3","1","680k","","","","Resistor_SMD:R_0603_1608Metric_Pad0.98x0.95mm_HandSolder","~"
"U1","1","LM1881","","","","Package_SO:SOIC-8_3.9x4.9mm_P1.27mm",""
